slug,	image
central-sun,	https://monicaesguevaart.com/wp-content/uploads/2021/12/0.jpg
dressed-for-joy,	https://monicaesguevaart.com/wp-content/uploads/2022/01/0-dressedforjoy.jpg
flower-of-life-day,	https://monicaesguevaart.com/wp-content/uploads/2022/01/0-floweroflifeday.jpg
flower-of-life-night,	https://monicaesguevaart.com/wp-content/uploads/2022/01/0-floweroflifenight.jpg
free,	https://monicaesguevaart.com/wp-content/uploads/2022/01/0-free.jpg
galactic-flowers,	https://monicaesguevaart.com/wp-content/uploads/2022/01/0-galacticflowers.jpg
flying-free,	https://monicaesguevaart.com/wp-content/uploads/2022/01/0-flyingfree.jpg
infinity,	https://monicaesguevaart.com/wp-content/uploads/2022/01/0-infinity.jpg
interstellar-portal,	https://monicaesguevaart.com/wp-content/uploads/2022/01/0-interstellarportal.jpg
into-the-light,	https://monicaesguevaart.com/wp-content/uploads/2022/01/0-intotheLight.jpg
into-the-unknown,	https://monicaesguevaart.com/wp-content/uploads/2022/01/0-intotheunknown.jpg
ocean-of-love,	https://monicaesguevaart.com/wp-content/uploads/2022/01/0-oceanoflove.jpg
kundalini-rising,	https://monicaesguevaart.com/wp-content/uploads/2022/01/0-kundalinirising.jpg
magical-spiral,	https://monicaesguevaart.com/wp-content/uploads/2022/01/0-magicalspiral.jpg
nebula,	https://monicaesguevaart.com/wp-content/uploads/2022/01/0-nebula.jpg
mandala-of-peace,	https://monicaesguevaart.com/wp-content/uploads/2022/01/0-mandalaofpeace.jpg
out-of-duality,	https://monicaesguevaart.com/wp-content/uploads/2022/01/0-outofduality.jpg
the-time-has-come,	https://monicaesguevaart.com/wp-content/uploads/2022/01/0-thetimehascome.jpg
an-angel-showed-up,	https://monicaesguevaart.com/wp-content/uploads/2022/01/0-anangelshowdup.jpg
ascending,	https://monicaesguevaart.com/wp-content/uploads/2022/01/0-ascending.jpg
tree-of-life,	https://monicaesguevaart.com/wp-content/uploads/2022/01/0-treeoflife.jpg
outer-space,	https://monicaesguevaart.com/wp-content/uploads/2022/01/0-outerspace.jpg
unconditional-love,	https://monicaesguevaart.com/wp-content/uploads/2022/01/0-unconditionallove.jpg
we-are-stardust,	https://monicaesguevaart.com/wp-content/uploads/2022/01/0-wearestardust.jpg
your-inner-light,	https://monicaesguevaart.com/wp-content/uploads/2022/01/0-yourinnerlight.jpg
angel's-touch,	https://monicaesguevaart.com/wp-content/uploads/2022/01/0-angelstouch.jpg
imperfect-mirror,	https://monicaesguevaart.com/wp-content/uploads/2022/01/0-imperfectmirror.jpg
the-eye-of-the-universe,	https://monicaesguevaart.com/wp-content/uploads/2022/01/0-The-eye-of-the-universe.jpg
leaving-the-matrix,	https://monicaesguevaart.com/wp-content/uploads/2022/01/0-LeavingtheMatrix.jpg
divine-big-bang,	https://monicaesguevaart.com/wp-content/uploads/2022/01/0-divinebigbang.jpg
samadhi,	https://monicaesguevaart.com/wp-content/uploads/2022/01/0.jpg
the-path-to-liberation,	https://monicaesguevaart.com/wp-content/uploads/2022/01/0-2.jpg
divine-dna,	https://monicaesguevaart.com/wp-content/uploads/2022/01/0-divinedna.jpg
just-breathe,	https://monicaesguevaart.com/wp-content/uploads/2022/02/0-justbreath-1.jpg
mantra-of-compassion,	https://monicaesguevaart.com/wp-content/uploads/2022/02/0-ommanipedmehung.jpg
temporary-desire,	https://monicaesguevaart.com/wp-content/uploads/2022/02/0-temporarydesire.jpg
protection,	https://monicaesguevaart.com/wp-content/uploads/2022/02/0-protection.jpg
life-is-a-stairway,	https://monicaesguevaart.com/wp-content/uploads/2022/02/0-lifeisastairway.jpg
there-is-always-an-opportunity,	https://monicaesguevaart.com/wp-content/uploads/2022/02/0-thereisalwaysanopportunity.jpg
entrance,	https://monicaesguevaart.com/wp-content/uploads/2022/02/0-entrance.jpg
moving-forward,	https://monicaesguevaart.com/wp-content/uploads/2022/02/0-movingforward.jpg
be-transparent,	https://monicaesguevaart.com/wp-content/uploads/2022/03/0-betransparent.jpg
fiery-gate,	https://monicaesguevaart.com/wp-content/uploads/2022/03/0-fierygate.jpg
medieval-gate,	https://monicaesguevaart.com/wp-content/uploads/2022/03/0-medievaltunnel.jpg
stargate,	https://monicaesguevaart.com/wp-content/uploads/2022/03/0-stargate.jpg
universal-spiral,	https://monicaesguevaart.com/wp-content/uploads/2022/03/0-universalspiral.jpg
wormhole-of-time,	https://monicaesguevaart.com/wp-content/uploads/2022/03/0-wormholeoftime.jpg
a-fresh-perspective,	https://monicaesguevaart.com/wp-content/uploads/2022/03/0-afreshperspective.jpg
planetary-ascension,	https://monicaesguevaart.com/wp-content/uploads/2022/03/0-planetaryascension.jpg
going-with-the-flow,	https://monicaesguevaart.com/wp-content/uploads/2022/03/0-goingwiththeflow.jpg
leaving-darkness-behind,	https://monicaesguevaart.com/wp-content/uploads/2022/03/0-leavingdarknessbehind.jpg
guiding-star,	https://monicaesguevaart.com/wp-content/uploads/2022/03/0-guidingstar.jpg
consciousness-eye,	https://monicaesguevaart.com/wp-content/uploads/2022/03/0-consciousnesseye.jpg
a-galaxy-is-born,	https://monicaesguevaart.com/wp-content/uploads/2022/04/0-agalaxyisborn.jpg
may-your-dreams-come-true,	https://monicaesguevaart.com/wp-content/uploads/2022/04/0-theendoftheworld-1.jpg
the-three-suns,	https://monicaesguevaart.com/wp-content/uploads/2022/04/0-thethreesuns.jpg
dont-worry-be-happy,	https://monicaesguevaart.com/wp-content/uploads/2022/04/0-dontworrybehappy.jpg
floating-away,	https://monicaesguevaart.com/wp-content/uploads/2022/04/0-floatingaway.jpg
inner-bliss,	https://monicaesguevaart.com/wp-content/uploads/2022/10/0-innerbliss.jpg
a-new-dawn-for-humanity,	https://monicaesguevaart.com/wp-content/uploads/2022/10/0-anewdawnforhumanity.jpg
connection,	https://monicaesguevaart.com/wp-content/uploads/2022/10/0-connection.jpg
faith,	https://monicaesguevaart.com/wp-content/uploads/2022/10/0-faith.jpg
follow-your-path,	https://monicaesguevaart.com/wp-content/uploads/2022/10/0-followyourpath.jpg
hope,	https://monicaesguevaart.com/wp-content/uploads/2022/10/0-hope.jpg
inner-fire,	https://monicaesguevaart.com/wp-content/uploads/2022/10/0-innerfire.jpg
let-the-storm-go-by,	https://monicaesguevaart.com/wp-content/uploads/2022/10/0-letthestormgoby.jpg
ocean-of-gold,	https://monicaesguevaart.com/wp-content/uploads/2022/10/0-goldenocean.jpg
blessings,	https://monicaesguevaart.com/wp-content/uploads/2022/10/0-blessings.jpg
trust-the-process,	https://monicaesguevaart.com/wp-content/uploads/2022/10/0-trusttheprocess.jpg
courage,	https://monicaesguevaart.com/wp-content/uploads/2022/10/0-courage.jpg
floating-away,	https://monicaesguevaart.com/wp-content/uploads/2022/10/0-floatingaway.jpg
from-the-cosmos-to-nature,	https://monicaesguevaart.com/wp-content/uploads/2022/10/0-fromthecosmostonature.jpg
the-wheel-of-samsara,	https://monicaesguevaart.com/wp-content/uploads/2022/10/0-thewheelofsamsara.jpg
the-test,	https://monicaesguevaart.com/wp-content/uploads/2022/10/0-thetest.jpg
the-presence-of-the-infinite,	https://monicaesguevaart.com/wp-content/uploads/2022/10/0-thepresenceoftheinfinite.jpg
welcome-home,	https://monicaesguevaart.com/wp-content/uploads/2022/10/welcomehome.jpg
lifeâ€™s-meandering,	https://monicaesguevaart.com/wp-content/uploads/2022/10/0-lifesmeandering.jpg
the-path-of-healing,	https://monicaesguevaart.com/wp-content/uploads/2022/10/thepathofhealing-1.jpg
the-end-of-the-world,	https://monicaesguevaart.com/wp-content/uploads/2022/10/0-theendoftheworld-1.jpg
walking-on-clouds,	https://monicaesguevaart.com/wp-content/uploads/2022/11/walking-on-clouds.jpg
timeless,	https://monicaesguevaart.com/wp-content/uploads/2022/11/timeless.jpg
soothing-your-heart,	https://monicaesguevaart.com/wp-content/uploads/2022/11/soothing-your-heart.jpg
new-beginning,	https://monicaesguevaart.com/wp-content/uploads/2022/11/new-beginning.jpg
magic-exists,	https://monicaesguevaart.com/wp-content/uploads/2022/11/magic-exists.jpg
devotion,	https://monicaesguevaart.com/wp-content/uploads/2022/11/devotion.jpg
complexity,	https://monicaesguevaart.com/wp-content/uploads/2022/11/complexity.jpg
beyond-your-dreams,	https://monicaesguevaart.com/wp-content/uploads/2022/11/beyond-your-dreams.jpg